{
     "0": 0.27228270309821634,
     "1": 0.27228270309821634,
     "2": 0.3154586469340757,
     "3": 0.3154586469340757,
     "4": 0.35566503772102376,
     "5": 0.35566503772102376,
     "6": 0.3671197087468268,
     "7": 0.3671197087468268,
     "8": 0.3671197087468268,
     "9": 0.3671197087468268,
     "10": 0.3671197087468268,
     "11": 0.3671197087468268,
     "12": 0.3671197087468268,
     "13": 0.3671197087468268,
     "14": 0.3671197087468268,
     "15": 0.4046134805803666,
     "16": 0.4046134805803666,
     "17": 0.4046134805803666,
     "18": 0.4046134805803666,
     "19": 0.4046134805803666,
     "20": 0.4046134805803666,
     "21": 0.4046134805803666,
     "22": 0.4046134805803666,
     "23": 0.4046134805803666,
     "24": 0.4046134805803666,
     "25": 0.4046134805803666,
     "26": 0.4046134805803666,
     "27": 0.4046134805803666,
     "28": 0.4046134805803666,
     "29": 0.4046134805803666,
     "30": 0.4046134805803666,
     "31": 0.4046134805803666,
     "32": 0.4046134805803666,
     "33": 0.4046134805803666,
     "34": 0.4101740383237744,
     "35": 0.4101740383237744,
     "36": 0.4120371349618636,
     "37": 0.4120371349618636,
     "38": 0.4120371349618636,
     "39": 0.4120371349618636,
     "40": 0.4120371349618636,
     "41": 0.4120371349618636,
     "42": 0.4120371349618636,
     "43": 0.4120371349618636,
     "44": 0.4120371349618636,
     "45": 0.4120371349618636,
     "46": 0.4120371349618636,
     "47": 0.4120371349618636,
     "48": 0.4120371349618636,
     "49": 0.41507223120793957,
     "50": 0.41507223120793957,
     "51": 0.41507223120793957,
     "52": 0.41507223120793957,
     "53": 0.41507223120793957,
     "54": 0.41507223120793957,
     "55": 0.41507223120793957,
     "56": 0.41507223120793957,
     "57": 0.41507223120793957,
     "58": 0.41507223120793957,
     "59": 0.41507223120793957,
     "60": 0.41507223120793957,
     "61": 0.4262191150332048,
     "62": 0.4262191150332048,
     "63": 0.4262191150332048,
     "64": 0.4262191150332048,
     "65": 0.4262191150332048,
     "66": 0.4262191150332048,
     "67": 0.4262191150332048,
     "68": 0.4262191150332048,
     "69": 0.4262191150332048,
     "70": 0.4262191150332048,
     "71": 0.4262191150332048,
     "72": 0.4262191150332048,
     "73": 0.4262191150332048,
     "74": 0.4262191150332048,
     "75": 0.4262191150332048,
     "76": 0.4262191150332048,
     "77": 0.4262191150332048,
     "78": 0.42928601897484764,
     "79": 0.42928601897484764,
     "80": 0.42928601897484764,
     "81": 0.42928601897484764,
     "82": 0.42928601897484764,
     "83": 0.42928601897484764,
     "84": 0.42928601897484764,
     "85": 0.42928601897484764,
     "86": 0.42928601897484764,
     "87": 0.42928601897484764,
     "88": 0.42928601897484764,
     "89": 0.42928601897484764,
     "90": 0.42928601897484764,
     "91": 0.42928601897484764,
     "92": 0.42928601897484764,
     "93": 0.42928601897484764,
     "94": 0.42928601897484764,
     "95": 0.42928601897484764,
     "96": 0.42928601897484764,
     "97": 0.42928601897484764,
     "98": 0.42928601897484764,
     "99": 0.42928601897484764
}